timeStamp,elapsed,label,responseCode,responseMessage,threadName,dataType,success,failureMessage,bytes,sentBytes,grpThreads,allThreads,URL,Latency,IdleTime,Connect
1618573862495,530,Add,200,OK,Calci(SOAP) 1-4,text,true,No Nodes Matched for //AddResult=15,586,432,5,5,http://www.dneonline.com/calculator.asmx,530,0,262
1618573862695,527,Add,200,OK,Calci(SOAP) 1-5,text,true,No Nodes Matched for //AddResult=15,586,432,5,5,http://www.dneonline.com/calculator.asmx,527,0,264
1618573862177,605,Add,200,OK,Calci(SOAP) 1-2,text,true,No Nodes Matched for //AddResult=15,586,432,5,5,http://www.dneonline.com/calculator.asmx,604,0,332
1618573862294,514,Add,200,OK,Calci(SOAP) 1-3,text,true,No Nodes Matched for //AddResult=15,586,432,5,5,http://www.dneonline.com/calculator.asmx,513,0,255
1618573862176,605,Add,200,OK,Calci(SOAP) 1-1,text,true,No Nodes Matched for //AddResult=15,586,432,5,5,http://www.dneonline.com/calculator.asmx,604,0,329
1618573863713,260,Sub,200,OK,Calci(SOAP) 1-3,text,true,No Nodes Matched for //SubtractResult=7,605,447,5,5,http://www.dneonline.com/calculator.asmx,259,0,0
1618573863714,258,Sub,200,OK,Calci(SOAP) 1-1,text,true,No Nodes Matched for //SubtractResult=7,605,447,5,5,http://www.dneonline.com/calculator.asmx,258,0,0
1618573863713,265,Sub,200,OK,Calci(SOAP) 1-2,text,true,No Nodes Matched for //SubtractResult=7,605,447,5,5,http://www.dneonline.com/calculator.asmx,265,0,0
1618573863720,261,Sub,200,OK,Calci(SOAP) 1-4,text,true,No Nodes Matched for //SubtractResult=7,605,447,5,5,http://www.dneonline.com/calculator.asmx,261,0,0
1618573863714,264,Sub,200,OK,Calci(SOAP) 1-5,text,true,No Nodes Matched for //SubtractResult=7,605,447,5,5,http://www.dneonline.com/calculator.asmx,264,0,0
1618573863976,260,Multiply,200,OK,Calci(SOAP) 1-1,text,true,No Nodes Matched for //MultiplyResult=132,607,448,5,5,http://www.dneonline.com/calculator.asmx,260,0,0
1618573863976,260,Multiply,200,OK,Calci(SOAP) 1-3,text,true,No Nodes Matched for //MultiplyResult=132,607,448,5,5,http://www.dneonline.com/calculator.asmx,260,0,0
1618573863983,255,Multiply,200,OK,Calci(SOAP) 1-2,text,true,No Nodes Matched for //MultiplyResult=132,607,448,5,5,http://www.dneonline.com/calculator.asmx,255,0,0
1618573863986,259,Multiply,200,OK,Calci(SOAP) 1-5,text,true,No Nodes Matched for //MultiplyResult=132,607,448,5,5,http://www.dneonline.com/calculator.asmx,259,0,0
1618573863986,259,Multiply,200,OK,Calci(SOAP) 1-4,text,true,No Nodes Matched for //MultiplyResult=132,607,448,5,5,http://www.dneonline.com/calculator.asmx,259,0,0
1618573864240,259,Divide,200,OK,Calci(SOAP) 1-1,text,true,No Nodes Matched for //DivideResult=50000,601,586,5,5,http://www.dneonline.com/calculator.asmx,259,0,0
1618573864241,258,Divide,200,OK,Calci(SOAP) 1-3,text,true,No Nodes Matched for //DivideResult=50000,601,586,5,5,http://www.dneonline.com/calculator.asmx,258,0,0
1618573864241,263,Divide,200,OK,Calci(SOAP) 1-2,text,true,No Nodes Matched for //DivideResult=50000,601,586,5,5,http://www.dneonline.com/calculator.asmx,263,0,0
1618573864247,262,Divide,200,OK,Calci(SOAP) 1-5,text,true,No Nodes Matched for //DivideResult=50000,601,586,3,3,http://www.dneonline.com/calculator.asmx,262,0,0
1618573864248,262,Divide,200,OK,Calci(SOAP) 1-4,text,true,No Nodes Matched for //DivideResult=50000,601,586,3,3,http://www.dneonline.com/calculator.asmx,262,0,0
